{
  "main.js": 1776653541.044181,
  "src/GameState.js": 1776691003.3443136,
  "src/scenes/Transition.js": 1776653541.046114,
  "src/scenes/Boot.js": 1776691003.347614,
  "src/scenes/Game.js": 1776716809.2315023,
  "src/scenes/End.js": 1776645265.6885796,
  "src/scenes/Briefing.js": 1776653092.721492,
  "src/scenes/Title.js": 1776653541.0456011,
  "src/scenes/Summary.js": 1776645265.6900382,
  "src/core/gearPuzzleLogic.js": 1776661038.3771446,
  "src/core/StateMachine.js": 1776488837.754791,
  "src/fx/Animations.js": 1776645265.6878543,
  "src/fx/applyCyberpunkLook.js": 1776307530.9860494,
  "src/constants/gameConstants.js": 1776691003.3456917,
  "src/state/gameSettings.js": 1776555749.1731272,
  "src/systems/MachinePuzzleOverlay.js": 1776661038.3808208,
  "src/systems/RulebookOverlay.js": 1776661038.3822052,
  "src/systems/TimerBar.js": 1776221223.4706984,
  "src/systems/FactorySettingsOverlay.js": 1776645265.690772,
  "src/systems/minigames/GearGridPuzzle.js": 1776661038.3838542,
  "src/systems/minigames/MinigameBase.js": 1776488837.7571602,
  "src/systems/minigames/CircuitRouting.js": 1776715317.2121012,
  "src/systems/minigames/DebugConsolePuzzle.js": 1776691003.3493712,
  "src/data/machineCatalog.js": 1776716028.9686847,
  "index.html": 1776562617.1322534,
  "diff.txt": 1776645265.6856053,
  "README.md": 1776225424.0264812,
  "CLAUDE_CODE_INSTRUCTIONS (1).md": 1776555749.150922,
  "READMEOTHERMEMBERS.md": 1776566791.7899249,
  "Untitled_Artwork3.png": 1776645265.685402,
  "Untitled_Artwork2.png": 1776645265.685307,
  "Untitled_Artwork4.png": 1776645265.6854963,
  "TennisClose.png": 1776691003.3437333,
  "mainview.jpeg": 1776307707.2712126,
  "Tennis.png": 1776691003.3435326,
  "inspectview.jpeg": 1776312481.8457553,
  "Background_1.png": 1776691003.3432732,
  "Untitled_Artwork.png": 1776645265.685204,
  "assets/machines/sprites/sentry-frame.png": 1776555749.1517944,
  "assets/machines/sprites/assembler-alpha.png": 1776555749.1514432,
  "assets/machines/sprites/audit-drone.png": 1776555749.151569,
  "assets/machines/sprites/courier-shell.png": 1776555749.151682,
  "Work Day mp3.mp3": 1776381676.7827656,
  "Cutting it close.mp3": 1776381678.2474093,
  "Corporate.mp3": 1776381677.2785249,
  "Voice2.wav": 1776225711.727084,
  "assets/sounds/music/music_cutting_it_close.mp3": 1776555749.1560469,
  "assets/sounds/music/music_payday.mp3": 1776555749.1618962,
  "assets/sounds/music/music_workday.mp3": 1776555749.1680617,
  "assets/sounds/ui/ui_title_play.wav": 1776555749.1690977,
  "assets/sounds/sfx/sfx_reveal.wav": 1776555749.1687825,
  "assets/sounds/voice/phone_ring.wav": 1776555749.1693985,
  "assets/sounds/voice/phone_intro_line_1.wav": 1776566791.7906194,
  "assets/sounds/voice/phone_intro_line_2.wav": 1776566791.791099,
  "assets/sounds/voice/phone_intro_no_line_4.wav": 1776566791.7916305,
  "assets/sounds/voice/phone_intro_no_line_3.wav": 1776566791.791362,
  "assets/sounds/voice/phone_voice_intro.wav": 1776555749.1696343,
  "assets/sounds/voice/phone_intro_yes_line_5.wav": 1776566791.7931662,
  "assets/sounds/voice/phone_intro_yes_line_4.wav": 1776566791.7929025,
  "assets/sounds/voice/phone_intro_yes_line_6.wav": 1776566791.7934537,
  "assets/sounds/voice/phone_intro_yes_line_3.wav": 1776566791.7925923
}